asset,name,group,price,ccy,price_eur,qty,value_eur,invested_eur,pnl_eur,pnl_pct,chg_day_pct,updated,src
BTC,Bitcoin,crypto,84893.0,USD,75512.0,0.00162035,122.36,107.0,15.36,14.35,0.28,2026-10-02T05:36+03:00,coingecko
ETC,Ethereum Classic,crypto,8.85,USD,7.88,6.72696447,53.01,58.03,-5.02,-8.65,-0.11,2026-10-02T05:36+03:00,coingecko
FLR,Flare,crypto,0.007377,USD,0.006562,14.8080141,0.1,0.1,-0.0,-2.83,-0.11,2026-10-02T05:36+03:00,coingecko
EXI2,iShares ETF (EXI2),stocks,117.70528,EUR,117.70528,0.477463713,56.2,50.0,6.2,12.4,0.0,2026-10-02T05:36+03:00,stale
MRVL,Marvell,stocks,261.777377,USD,229.93182,0.258598397,59.46,37.04,22.42,60.53,0.0,2026-10-02T05:36+03:00,stale
DFEN,VanEck Defense ETF,stocks,52.138653,EUR,52.138653,0.87344028,45.54,49.0,-3.46,-7.06,0.0,2026-10-02T05:36+03:00,stale
NVDA,NVIDIA,stocks,230.86,USD,205.316566,0.35179452,72.23,74.08,-1.85,-2.5,2.91,2026-10-02T05:36+03:00,yahoo
ROBO,Robo-Advisor,stocks,20.81,EUR,20.81,1.0,20.81,23.42,-2.61,-11.14,0.0,2026-10-02T05:36+03:00,manual
PERSONAL,Personal,cash,126.76,EUR,126.76,1.0,126.76,,,,0.0,2026-10-02T05:36+03:00,manual
CASH,Cash balance,cash,0.43,EUR,0.43,1.0,0.43,,,,0.0,2026-10-02T05:36+03:00,manual
