ts,date,time,asset,name,group,price,ccy,price_eur,qty,value_eur,invested_eur,pnl_eur,pnl_pct,eurusd,src
2026-09-27T14:34+03:00,2026-09-27,14:34,BTC,Bitcoin,crypto,84835.060326,USD,74514.765328,0.00162035,120.74,107.0,13.74,12.84,1.1385,revolut
2026-09-27T14:34+03:00,2026-09-27,14:34,ETC,Ethereum Classic,crypto,9.477678,USD,8.324706,6.72696447,56.0,58.03,-2.03,-3.5,1.1385,revolut
2026-09-27T14:34+03:00,2026-09-27,14:34,FLR,Flare,crypto,0.00692,USD,0.006078,14.8080141,0.09,0.1,-0.01,-10.0,1.1385,revolut
2026-09-27T14:34+03:00,2026-09-27,14:34,EXI2,iShares ETF (EXI2),stocks,117.70528,EUR,117.70528,0.477463713,56.2,50.0,6.2,12.4,1.1385,revolut
2026-09-27T14:34+03:00,2026-09-27,14:34,MRVL,Marvell,stocks,261.777377,USD,229.93182,0.258598397,59.46,37.04,22.42,60.53,1.1385,revolut
2026-09-27T14:34+03:00,2026-09-27,14:34,DFEN,VanEck Defense ETF,stocks,52.138653,EUR,52.138653,0.87344028,45.54,49.0,-3.46,-7.06,1.1385,revolut
2026-09-27T14:34+03:00,2026-09-27,14:34,NVDA,NVIDIA,stocks,224.337832,USD,197.046844,0.35179452,69.32,74.08,-4.76,-6.43,1.1385,revolut
2026-09-27T14:34+03:00,2026-09-27,14:34,ROBO,Robo-Advisor,stocks,20.81,EUR,20.81,1.0,20.81,23.42,-2.61,-11.14,1.1385,revolut
2026-09-27T14:34+03:00,2026-09-27,14:34,PERSONAL,Personal,cash,126.76,EUR,126.76,1.0,126.76,,,,1.1385,revolut
2026-09-27T14:34+03:00,2026-09-27,14:34,CASH,Cash balance,cash,0.43,EUR,0.43,1.0,0.43,,,,1.1385,revolut
2026-09-27T15:45+03:00,2026-09-27,15:45,BTC,Bitcoin,crypto,84985.0,USD,74385.0,0.00162035,120.53,107.0,13.53,12.64,1.1382,coingecko
2026-09-27T15:45+03:00,2026-09-27,15:45,ETC,Ethereum Classic,crypto,9.54,USD,8.35,6.72696447,56.17,58.03,-1.86,-3.2,1.1382,coingecko
2026-09-27T15:45+03:00,2026-09-27,15:45,FLR,Flare,crypto,0.007386,USD,0.006465,14.8080141,0.1,0.1,-0.0,-4.27,1.1382,coingecko
2026-09-27T15:45+03:00,2026-09-27,15:45,EXI2,iShares ETF (EXI2),stocks,117.70528,EUR,117.70528,0.477463713,56.2,50.0,6.2,12.4,1.1382,stale
2026-09-27T15:45+03:00,2026-09-27,15:45,MRVL,Marvell,stocks,261.777377,USD,229.93182,0.258598397,59.46,37.04,22.42,60.53,1.1382,stale
2026-09-27T15:45+03:00,2026-09-27,15:45,DFEN,VanEck Defense ETF,stocks,52.138653,EUR,52.138653,0.87344028,45.54,49.0,-3.46,-7.06,1.1382,stale
2026-09-27T15:45+03:00,2026-09-27,15:45,NVDA,NVIDIA,stocks,224.337832,USD,197.046844,0.35179452,69.32,74.08,-4.76,-6.43,1.1382,stale
2026-09-27T15:45+03:00,2026-09-27,15:45,ROBO,Robo-Advisor,stocks,20.81,EUR,20.81,1.0,20.81,23.42,-2.61,-11.14,1.1382,manual
2026-09-27T15:45+03:00,2026-09-27,15:45,PERSONAL,Personal,cash,126.76,EUR,126.76,1.0,126.76,,,,1.1382,manual
2026-09-27T15:45+03:00,2026-09-27,15:45,CASH,Cash balance,cash,0.43,EUR,0.43,1.0,0.43,,,,1.1382,manual
2026-09-27T18:49+03:00,2026-09-27,18:49,BTC,Bitcoin,crypto,84474.0,USD,73938.0,0.00162035,119.81,107.0,12.81,11.97,1.1382,coingecko
2026-09-27T18:49+03:00,2026-09-27,18:49,ETC,Ethereum Classic,crypto,9.45,USD,8.28,6.72696447,55.7,58.03,-2.33,-4.02,1.1382,coingecko
2026-09-27T18:49+03:00,2026-09-27,18:49,FLR,Flare,crypto,0.007357,USD,0.00644,14.8080141,0.1,0.1,-0.0,-4.64,1.1382,coingecko
2026-09-27T18:49+03:00,2026-09-27,18:49,EXI2,iShares ETF (EXI2),stocks,117.70528,EUR,117.70528,0.477463713,56.2,50.0,6.2,12.4,1.1382,stale
2026-09-27T18:49+03:00,2026-09-27,18:49,MRVL,Marvell,stocks,261.777377,USD,229.93182,0.258598397,59.46,37.04,22.42,60.53,1.1382,stale
2026-09-27T18:49+03:00,2026-09-27,18:49,DFEN,VanEck Defense ETF,stocks,52.138653,EUR,52.138653,0.87344028,45.54,49.0,-3.46,-7.06,1.1382,stale
2026-09-27T18:49+03:00,2026-09-27,18:49,NVDA,NVIDIA,stocks,224.337832,USD,197.046844,0.35179452,69.32,74.08,-4.76,-6.43,1.1382,stale
2026-09-27T18:49+03:00,2026-09-27,18:49,ROBO,Robo-Advisor,stocks,20.81,EUR,20.81,1.0,20.81,23.42,-2.61,-11.14,1.1382,manual
2026-09-27T18:49+03:00,2026-09-27,18:49,PERSONAL,Personal,cash,126.76,EUR,126.76,1.0,126.76,,,,1.1382,manual
2026-09-27T18:49+03:00,2026-09-27,18:49,CASH,Cash balance,cash,0.43,EUR,0.43,1.0,0.43,,,,1.1382,manual
2026-09-27T22:19+03:00,2026-09-27,22:19,BTC,Bitcoin,crypto,84799.0,USD,74438.0,0.00162035,120.62,107.0,13.62,12.72,1.1383,coingecko
2026-09-27T22:19+03:00,2026-09-27,22:19,ETC,Ethereum Classic,crypto,9.57,USD,8.4,6.72696447,56.51,58.03,-1.52,-2.63,1.1383,coingecko
2026-09-27T22:19+03:00,2026-09-27,22:19,FLR,Flare,crypto,0.007378,USD,0.006477,14.8080141,0.1,0.1,-0.0,-4.1,1.1383,coingecko
2026-09-27T22:19+03:00,2026-09-27,22:19,EXI2,iShares ETF (EXI2),stocks,117.70528,EUR,117.70528,0.477463713,56.2,50.0,6.2,12.4,1.1383,stale
2026-09-27T22:19+03:00,2026-09-27,22:19,MRVL,Marvell,stocks,261.777377,USD,229.93182,0.258598397,59.46,37.04,22.42,60.53,1.1383,stale
2026-09-27T22:19+03:00,2026-09-27,22:19,DFEN,VanEck Defense ETF,stocks,52.138653,EUR,52.138653,0.87344028,45.54,49.0,-3.46,-7.06,1.1383,stale
2026-09-27T22:19+03:00,2026-09-27,22:19,NVDA,NVIDIA,stocks,224.337832,USD,197.046844,0.35179452,69.32,74.08,-4.76,-6.43,1.1383,stale
2026-09-27T22:19+03:00,2026-09-27,22:19,ROBO,Robo-Advisor,stocks,20.81,EUR,20.81,1.0,20.81,23.42,-2.61,-11.14,1.1383,manual
2026-09-27T22:19+03:00,2026-09-27,22:19,PERSONAL,Personal,cash,126.76,EUR,126.76,1.0,126.76,,,,1.1383,manual
2026-09-27T22:19+03:00,2026-09-27,22:19,CASH,Cash balance,cash,0.43,EUR,0.43,1.0,0.43,,,,1.1383,manual
2026-09-28T01:20+03:00,2026-09-28,01:20,BTC,Bitcoin,crypto,84386.0,USD,74129.0,0.00162035,120.11,107.0,13.11,12.26,1.1381,coingecko
2026-09-28T01:20+03:00,2026-09-28,01:20,ETC,Ethereum Classic,crypto,9.49,USD,8.34,6.72696447,56.1,58.03,-1.93,-3.32,1.1381,coingecko
2026-09-28T01:20+03:00,2026-09-28,01:20,FLR,Flare,crypto,0.007196,USD,0.006321,14.8080141,0.09,0.1,-0.01,-6.39,1.1381,coingecko
2026-09-28T01:20+03:00,2026-09-28,01:20,EXI2,iShares ETF (EXI2),stocks,117.70528,EUR,117.70528,0.477463713,56.2,50.0,6.2,12.4,1.1381,stale
2026-09-28T01:20+03:00,2026-09-28,01:20,MRVL,Marvell,stocks,261.777377,USD,229.93182,0.258598397,59.46,37.04,22.42,60.53,1.1381,stale
2026-09-28T01:20+03:00,2026-09-28,01:20,DFEN,VanEck Defense ETF,stocks,52.138653,EUR,52.138653,0.87344028,45.54,49.0,-3.46,-7.06,1.1381,stale
2026-09-28T01:20+03:00,2026-09-28,01:20,NVDA,NVIDIA,stocks,224.337832,USD,197.046844,0.35179452,69.32,74.08,-4.76,-6.43,1.1381,stale
2026-09-28T01:20+03:00,2026-09-28,01:20,ROBO,Robo-Advisor,stocks,20.81,EUR,20.81,1.0,20.81,23.42,-2.61,-11.14,1.1381,manual
2026-09-28T01:20+03:00,2026-09-28,01:20,PERSONAL,Personal,cash,126.76,EUR,126.76,1.0,126.76,,,,1.1381,manual
2026-09-28T01:20+03:00,2026-09-28,01:20,CASH,Cash balance,cash,0.43,EUR,0.43,1.0,0.43,,,,1.1381,manual
